{"WA": 56079.69052707377, "DE": 38310.26769448371, "DC": 69065.67079729728, "WI": 40799.22851359513, "WV": 31358.979149438896, "HI": 46755.42729729731, "FL": 67915.212687528, "WY": 35347.503932584295, "NH": 41438.03246124026, "NJ": 87982.07673091302, "NM": 42089.89292864747, "TX": 63741.4533815539, "LA": 46423.15184410077, "NC": 41074.59182355677, "ND": 36507.543940397365, "NE": 44483.68850000003, "TN": 48825.71372120246, "NY": 55329.37391400914, "PA": 63354.13755059455, "AK": 74818.33121672997, "NV": 91063.3843320106, "VA": 47020.98582525972, "CO": 67298.6597403168, "CA": 97691.86065374204, "AL": 49662.85276102088, "AR": 38757.57792310741, "VT": 31467.94017391303, "IL": 51351.86122370744, "GA": 48330.64633104899, "IN": 45951.11002147184, "IA": 38791.437366197206, "OK": 49159.76243343439, "AZ": 62035.79168549075, "ID": 41886.842554426665, "CT": 46287.800297973685, "ME": 30493.878663366348, "MD": 18010.003351741692, "MA": 32630.04399962175, "OH": 43933.074833901745, "UT": 41933.44449541282, "MO": 46698.87095436499, "MN": 43360.78368215875, "MI": 35921.477275862, "RI": 37600.53119505494, "KS": 51199.65031889591, "MT": 34378.26760129658, "MS": 44588.25893570653, "SC": 56394.200008438784, "KY": 43743.003385596545, "OR": 41609.53438480102, "SD": 45855.67082717867}